{"code":"024385.OF","dates":["20250826","20250827","20250828","20250829","20250901","20250902","20250903","20250904","20250905","20250908","20250909","20250910","20250911","20250912","20250915","20250916","20250917","20250918","20250919","20250922","20250923","20250924","20250925","20250926","20250929","20250930","20251009","20251010","20251013","20251014","20251015","20251016","20251017","20251020","20251021","20251022","20251023","20251024","20251027","20251028","20251029","20251030","20251031","20251103","20251104","20251105","20251106","20251107","20251110","20251111","20251112","20251113","20251114","20251117","20251118","20251119","20251120","20251121","20251124","20251125","20251126","20251127","20251128","20251201","20251202","20251203","20251204","20251205","20251208","20251209","20251210","20251211","20251212","20251215","20251216","20251217","20251218","20251219","20251222","20251223","20251224","20251225","20251226","20251229","20251230","20251231","20260105","20260106","20260107","20260108","20260109","20260112","20260113","20260114","20260115","20260116","20260119","20260120","20260121","20260122","20260123","20260126","20260127","20260128","20260129","20260130","20260202","20260203","20260204","20260205","20260206","20260209","20260210","20260211","20260212","20260213","20260224","20260225","20260226","20260227","20260302","20260303","20260304","20260305","20260306","20260309","20260310","20260311","20260312","20260313","20260316","20260317","20260318","20260320","20260323","20260324","20260325","20260326"],"nav":[1.0,null,null,0.9999,null,null,null,null,0.9999,null,null,null,null,1.0029,null,null,null,null,1.0001,null,null,null,null,0.9999,null,1.0033,null,1.0064,null,null,null,null,0.9976,null,null,null,null,1.0156,null,1.0222,1.0199,1.0174,1.017,1.0273,1.0296,1.0362,1.0442,1.0425,1.0448,1.0463,1.0467,1.0479,1.0424,1.0355,1.0265,1.0279,1.0226,0.9991,0.9996,1.0069,1.0068,1.0107,1.0165,1.0208,1.0202,1.0192,1.0141,1.0145,1.02,1.0186,1.0187,1.0093,1.0083,1.0087,0.9993,1.0059,1.0066,1.0118,1.0112,1.013,1.0164,1.0207,1.0252,1.0172,1.0141,1.0107,1.014,1.0212,1.0202,1.0199,1.0248,1.0291,1.0274,1.0259,1.0274,1.0241,1.0377,1.0453,1.0412,1.0466,1.0518,1.0538,1.0467,1.0507,1.0552,1.0519,1.0323,1.0412,1.0545,1.0491,1.0488,1.0578,1.0571,1.0581,1.0539,1.043,1.0537,1.0586,1.0572,1.0639,1.0651,1.059351,1.046936,1.052142,1.063255,1.060052,1.064457,1.074469,1.080275,1.077672,1.074268,1.064156,1.062755,1.045534,1.010293,1.032319,1.04143,1.036924],"si":1132}