{"code":"024685.OF","dates":["20250916","20250917","20250918","20250919","20250922","20250923","20250924","20250925","20250926","20250929","20250930","20251009","20251010","20251013","20251014","20251015","20251016","20251017","20251020","20251021","20251022","20251023","20251024","20251027","20251028","20251029","20251030","20251031","20251103","20251104","20251105","20251106","20251107","20251110","20251111","20251112","20251113","20251114","20251117","20251118","20251119","20251120","20251121","20251124","20251125","20251126","20251127","20251128","20251201","20251202","20251203","20251204","20251205","20251208","20251209","20251210","20251211","20251212","20251215","20251216","20251217","20251218","20251219","20251222","20251223","20251224","20251225","20251226","20251229","20251230","20251231","20260105","20260106","20260107","20260108","20260109","20260112","20260113","20260114","20260115","20260116","20260119","20260120","20260121","20260122","20260123","20260126","20260127","20260128","20260129","20260130","20260202","20260203","20260204","20260205","20260206","20260209","20260210","20260211","20260212","20260213","20260224","20260225","20260226","20260227","20260302","20260303","20260304","20260305","20260306","20260309","20260310","20260311","20260312","20260313","20260316","20260317","20260318","20260320","20260323","20260324","20260325","20260326"],"nav":[1.0,1.005743,0.999599,0.999866,0.999065,0.997062,1.006944,1.010817,1.006944,1.015625,1.02297,1.036859,1.029647,1.024973,1.012821,1.022837,1.017895,0.996795,0.999332,1.007345,1.004541,1.007479,1.013755,1.022035,1.015625,1.029514,1.026576,1.018697,1.01015,1.011752,1.012019,1.018029,1.017228,1.022035,1.017495,1.019231,1.023638,1.017361,1.008681,1.002671,1.006944,1.006677,0.991319,0.988649,0.995726,0.994391,0.994257,0.994391,0.996394,0.999065,0.998397,0.995726,0.994925,0.993189,0.989183,0.987179,0.982372,0.980235,0.984509,0.978365,0.979834,0.987313,0.988381,0.983841,0.984375,0.985443,0.988649,0.987179,0.986512,0.984241,0.984642,0.986378,0.992388,0.988381,0.98304,0.985043,0.986378,0.986512,0.977564,0.973558,0.968616,0.969685,0.978232,0.972089,0.973958,0.971822,0.974092,0.971421,0.973424,0.98304,0.980369,0.973024,0.972356,0.982238,0.987447,0.985043,0.989049,0.989583,0.991052,0.984241,0.97703,0.979033,0.978098,0.977163,0.979834,0.98758,0.953659,0.953659,0.958333,0.952991,0.946982,0.953526,0.949653,0.945913,0.9375,0.923611,0.907585,0.908654,0.873397,0.849225,0.862847,0.875401,0.866854],"si":1147}