{"code":"024900.OF","dates":["20251118","20251119","20251120","20251121","20251124","20251125","20251126","20251127","20251128","20251201","20251202","20251203","20251204","20251205","20251208","20251209","20251210","20251211","20251212","20251215","20251216","20251217","20251218","20251219","20251222","20251223","20251224","20251225","20251226","20251229","20251230","20251231","20260105","20260106","20260107","20260108","20260109","20260112","20260113","20260114","20260115","20260116","20260119","20260120","20260121","20260122","20260123","20260126","20260127","20260128","20260129","20260130","20260202","20260203","20260204","20260205","20260206","20260209","20260210","20260211","20260212","20260213","20260224","20260225","20260226","20260227","20260302","20260303","20260304","20260305","20260306","20260309","20260310","20260311","20260312","20260313","20260316","20260317","20260318","20260320","20260323","20260324"],"nav":[1.0,1.0001,0.9983,0.9725,0.9829,0.9909,0.9815,0.9835,0.9949,1.0022,0.9984,0.9931,0.9871,1.0017,1.0063,0.9983,0.996,0.9852,0.9913,0.9949,0.9752,0.9761,0.9807,0.9977,1.0047,0.9983,1.0127,1.0261,1.0259,1.0239,1.0175,1.0228,1.0295,1.0411,1.0428,1.0534,1.0641,1.0894,1.0738,1.0759,1.0765,1.0807,1.0981,1.0945,1.1022,1.1149,1.1269,1.1144,1.1095,1.107,1.0948,1.0889,1.0643,1.0904,1.0996,1.0848,1.0867,1.1051,1.1057,1.1041,1.0999,1.0927,1.1168,1.1242,1.1289,1.1389,1.1198,1.085703,1.080379,1.098334,1.115038,1.112845,1.129131,1.125477,1.111384,1.109087,1.105224,1.080483,1.09395,1.036115,0.980264,1.017637],"si":1186}