{"code":"025231.OF","dates":["20250922","20250923","20250924","20250925","20250926","20250929","20250930","20251009","20251010","20251013","20251014","20251015","20251016","20251017","20251020","20251021","20251022","20251023","20251024","20251027","20251028","20251029","20251030","20251031","20251103","20251104","20251105","20251106","20251107","20251110","20251111","20251112","20251113","20251114","20251117","20251118","20251119","20251120","20251121","20251124","20251125","20251126","20251127","20251128","20251201","20251202","20251203","20251204","20251205","20251208","20251209","20251210","20251211","20251212","20251215","20251216","20251217","20251218","20251219","20251222","20251223","20251224","20251225","20251226","20251229","20251230","20251231","20260105","20260106","20260107","20260108","20260109","20260112","20260113","20260114","20260115","20260116","20260119","20260120","20260121","20260122","20260123","20260126","20260127","20260128","20260129","20260130","20260202","20260203","20260204","20260205","20260206","20260209","20260210","20260211","20260212","20260213","20260224","20260225","20260226","20260227","20260302","20260303","20260304","20260305","20260306","20260309","20260310","20260311","20260312","20260313","20260316","20260317","20260318","20260320","20260323","20260324","20260325","20260326"],"nav":[1.0,1.000172,1.00681,0.999741,1.001034,1.005258,1.008879,1.011206,1.012154,1.009999,1.014051,1.023532,1.018964,1.004913,1.008706,1.018878,1.017498,1.02086,1.028187,1.037755,1.03198,1.045772,1.034307,1.034135,1.035169,1.023963,1.027411,1.032411,1.034221,1.043186,1.039479,1.03991,1.045513,1.036807,1.025774,1.02155,1.016205,1.009827,0.982243,0.989053,0.997845,0.997845,0.996293,1.005258,1.007672,0.999741,0.996897,0.998104,1.006379,1.013016,1.004569,1.005948,0.998276,1.011809,1.00431,0.992673,1.006206,1.002845,1.013878,1.024567,1.020946,1.025601,1.030084,1.025946,1.021205,1.021464,1.017757,1.040169,1.050254,1.052323,1.055081,1.071201,1.084131,1.071115,1.072925,1.075338,1.075683,1.089647,1.082407,1.084648,1.084993,1.096285,1.089647,1.083269,1.080597,1.072321,1.073442,1.051289,1.068184,1.078097,1.073787,1.072494,1.084131,1.085855,1.082751,1.086199,1.074476,1.085682,1.091285,1.09232,1.103267,1.101715,1.081114,1.075166,1.087061,1.104905,1.097147,1.113783,1.113783,1.116024,1.114473,1.115938,1.106801,1.107318,1.075511,1.030773,1.051547,1.070253,1.060253],"si":1151}