{"code":"025349.OF","dates":["20250925","20250926","20250929","20250930","20251009","20251010","20251013","20251014","20251015","20251016","20251017","20251020","20251021","20251022","20251023","20251024","20251027","20251028","20251029","20251030","20251031","20251103","20251104","20251105","20251106","20251107","20251110","20251111","20251112","20251113","20251114","20251117","20251118","20251119","20251120","20251121","20251124","20251125","20251126","20251127","20251128","20251201","20251202","20251203","20251204","20251205","20251208","20251209","20251210","20251211","20251212","20251215","20251216","20251217","20251218","20251219","20251222","20251223","20251224","20251225","20251226","20251229","20251230","20251231","20260105","20260106","20260107","20260108","20260109","20260112","20260113","20260114","20260115","20260116","20260119","20260120","20260121","20260122","20260123","20260126","20260127","20260128","20260129","20260130","20260202","20260203","20260204","20260205","20260206","20260209","20260210","20260211","20260212","20260213","20260224","20260225","20260226","20260227","20260302","20260303","20260304","20260305","20260306","20260309","20260310","20260311","20260312","20260313","20260316","20260317","20260318","20260320","20260323","20260324","20260325","20260326"],"nav":[1.0,0.991285,1.010989,1.018441,1.029557,1.0,0.990906,0.967412,0.985222,0.979285,0.955791,0.966149,0.977643,0.970696,0.977138,0.987369,0.998863,0.991158,1.001389,1.000379,0.985348,0.990274,0.975496,0.986737,1.002905,0.993937,0.996337,0.9976,0.985348,1.000632,0.982317,0.974738,0.963496,0.965391,0.955539,0.933055,0.948086,0.958065,0.958318,0.951623,0.95516,0.962738,0.959833,0.949602,0.953644,0.965644,0.968549,0.958318,0.956297,0.949223,0.968043,0.960465,0.944423,0.963117,0.954781,0.961602,0.975369,0.975369,0.981432,0.978906,0.983074,0.971201,0.972717,0.968549,0.997853,1.010863,1.002779,0.992295,1.009473,1.02943,1.026525,1.037767,1.034988,1.032588,1.031072,1.018189,1.030188,1.029178,1.033851,1.031451,1.039535,1.046735,1.042567,1.028799,1.005684,1.01541,1.018062,1.00821,1.000758,1.034735,1.053682,1.048124,1.069976,1.042061,1.057977,1.060503,1.067197,1.064166,1.070355,1.042061,1.032083,1.054314,1.059745,1.043956,1.072502,1.064039,1.054314,1.039535,1.031451,1.010231,1.028294,0.991158,0.958065,0.988885,1.011873,0.9952],"si":1154}