{"code":"025566.OF","dates":["20251128","20251201","20251202","20251203","20251204","20251205","20251208","20251209","20251210","20251211","20251212","20251215","20251216","20251217","20251218","20251219","20251222","20251223","20251224","20251225","20251226","20251229","20251230","20251231","20260105","20260106","20260107","20260108","20260109","20260112","20260113","20260114","20260115","20260116","20260119","20260120","20260121","20260122","20260123","20260126","20260127","20260128","20260129","20260130","20260202","20260203","20260204","20260205","20260206","20260209","20260210","20260211","20260212","20260213","20260224","20260225","20260226","20260227","20260302","20260303","20260304","20260305","20260306","20260309","20260310","20260311","20260312","20260313","20260316","20260317","20260318","20260320","20260323","20260324"],"nav":[1.0,null,1.007495,1.006668,1.008176,1.014844,1.013871,1.00365,1.00696,1.002823,1.009442,1.004818,0.993868,1.00876,1.00696,1.013481,1.01499,1.011973,1.014893,1.020733,1.018689,1.01134,1.017813,1.018105,1.038205,1.057575,1.058451,1.049302,1.055483,1.060787,1.06142,1.058257,1.057527,1.059765,1.068964,1.06838,1.083224,1.080596,1.083272,1.081034,1.082348,1.088188,1.077189,1.075437,1.039665,1.070667,1.074366,1.059425,1.061664,1.080255,1.076994,1.080839,1.092228,1.076362,1.08556,1.08264,1.08225,1.088529,1.087117,1.06473,1.056699,1.06911,1.080304,1.066433,1.081958,1.082834,1.073344,1.063562,1.052076,1.034458,1.040541,1.000584,0.96345,0.981944],"si":1194}