{"code":"025527.OF","dates":["20250922","20250923","20250924","20250925","20250926","20250929","20250930","20251009","20251010","20251013","20251014","20251015","20251016","20251017","20251020","20251021","20251022","20251023","20251024","20251027","20251028","20251029","20251030","20251031","20251103","20251104","20251105","20251106","20251107","20251110","20251111","20251112","20251113","20251114","20251117","20251118","20251119","20251120","20251121","20251124","20251125","20251126","20251127","20251128","20251201","20251202","20251203","20251204","20251205","20251208","20251209","20251210","20251211","20251212","20251215","20251216","20251217","20251218","20251219","20251222","20251223","20251224","20251225","20251226","20251229","20251230","20251231","20260105","20260106","20260107","20260108","20260109","20260112","20260113","20260114","20260115","20260116","20260119","20260120","20260121","20260122","20260123","20260126","20260127","20260128","20260129","20260130","20260202","20260203","20260204","20260205","20260206","20260209","20260210","20260211","20260212","20260213","20260224","20260225","20260226","20260227","20260302","20260303","20260304","20260305","20260306","20260309","20260310","20260311","20260312","20260313","20260316","20260317","20260318","20260320","20260323","20260324","20260325","20260326"],"nav":[1.0,0.99744,1.005045,1.008273,0.998998,1.015173,1.024244,1.036969,1.019625,1.018865,0.99195,1.008885,1.006196,0.982768,0.99258,1.022037,1.017641,1.014283,1.046021,1.0665,1.064051,1.082248,1.065498,1.035633,1.032777,1.02148,1.027991,1.048488,1.040531,1.033704,1.024615,1.025376,1.03478,1.016416,1.010202,1.004322,1.00844,1.001595,0.968355,0.969282,0.994917,1.002411,1.001799,1.002931,1.012725,1.008959,1.002393,1.009442,1.024355,1.043127,1.049546,1.049842,1.039455,1.056335,1.045595,1.026841,1.054072,1.046429,1.047468,1.064033,1.067186,1.075125,1.077314,1.080931,1.074532,1.07698,1.073734,1.102152,1.126043,1.142682,1.124652,1.133129,1.134502,1.126192,1.139789,1.151159,1.15179,1.144073,1.132499,1.138805,1.136487,1.14194,1.144259,1.162066,1.178983,1.180338,1.172343,1.122649,1.154628,1.156761,1.133853,1.128752,1.153014,1.150399,1.151419,1.155092,1.131645,1.15205,1.162808,1.163421,1.159599,1.164904,1.130625,1.11356,1.119477,1.115452,1.087702,1.11126,1.11126,1.103024,1.087071,1.079243,1.057299,1.066574,1.028696,0.989779,1.015192,1.042126,1.023446],"si":1151}