{"code":"025568.OF","dates":["20251128","20251201","20251202","20251203","20251204","20251205","20251208","20251209","20251210","20251211","20251212","20251215","20251216","20251217","20251218","20251219","20251222","20251223","20251224","20251225","20251226","20251229","20251230","20251231","20260105","20260106","20260107","20260108","20260109","20260112","20260113","20260114","20260115","20260116","20260119","20260120","20260121","20260122","20260123","20260126","20260127","20260128","20260129","20260130","20260202","20260203","20260204","20260205","20260206","20260209","20260210","20260211","20260212","20260213","20260224","20260225","20260226","20260227","20260302","20260303","20260304","20260305","20260306","20260309","20260310","20260311","20260312","20260313","20260316","20260317","20260318","20260320","20260323","20260324"],"nav":[1.0,null,1.004134,1.004743,1.001763,1.00782,1.000769,0.995449,0.996218,0.99452,1.001442,0.999615,0.992437,0.998494,1.001699,1.003044,1.007403,1.01253,1.014165,1.012819,1.009999,0.999327,0.997725,0.995225,1.004711,1.011633,1.007595,1.009037,1.013973,1.015735,1.01612,1.01878,1.021728,1.019869,1.024676,1.037303,1.04634,1.050346,1.052205,1.057813,1.053903,1.064703,1.072779,1.055249,1.027112,1.038232,1.049096,1.048391,1.045379,1.050506,1.04868,1.055762,1.054448,1.041373,1.057845,1.067459,1.060153,1.067395,1.07576,1.055089,1.045603,1.043905,1.050346,1.047334,1.056948,1.063517,1.058518,1.057364,1.042751,1.037399,1.036213,1.007275,0.981188,1.003814],"si":1194}