{"code":"025575.OF","dates":["20251128","20251201","20251202","20251203","20251204","20251205","20251208","20251209","20251210","20251211","20251212","20251215","20251216","20251217","20251218","20251219","20251222","20251223","20251224","20251225","20251226","20251229","20251230","20251231","20260105","20260106","20260107","20260108","20260109","20260112","20260113","20260114","20260115","20260116","20260119","20260120","20260121","20260122","20260123","20260126","20260127","20260128","20260129","20260130","20260202","20260203","20260204","20260205","20260206","20260209","20260210","20260211","20260212","20260213","20260224","20260225","20260226","20260227","20260302","20260303","20260304","20260305","20260306","20260309","20260310","20260311","20260312","20260313","20260316","20260317","20260318","20260320","20260323","20260324"],"nav":[1.0,null,1.005829,1.007096,1.003083,1.011193,1.001478,0.994044,0.995776,0.993411,1.002703,1.00114,0.990665,0.999324,1.002619,1.004013,1.009715,1.015544,1.017191,1.015502,1.012334,0.998817,0.997466,0.994509,1.007941,1.015037,1.007856,1.008532,1.014488,1.016853,1.016727,1.021668,1.024583,1.021288,1.028807,1.044182,1.0566,1.060612,1.063992,1.06982,1.064118,1.077339,1.087814,1.064245,1.030116,1.043844,1.056177,1.055924,1.051235,1.056853,1.05453,1.064794,1.061795,1.045744,1.063949,1.074256,1.064836,1.073706,1.084351,1.059937,1.045533,1.042112,1.050602,1.043506,1.057233,1.065935,1.059303,1.058163,1.039662,1.032693,1.032144,0.99265,0.953622,0.986103],"si":1194}