{"code":"025558.OF","dates":["20251128","20251201","20251202","20251203","20251204","20251205","20251208","20251209","20251210","20251211","20251212","20251215","20251216","20251217","20251218","20251219","20251222","20251223","20251224","20251225","20251226","20251229","20251230","20251231","20260105","20260106","20260107","20260108","20260109","20260112","20260113","20260114","20260115","20260116","20260119","20260120","20260121","20260122","20260123","20260126","20260127","20260128","20260129","20260130","20260202","20260203","20260204","20260205","20260206","20260209","20260210","20260211","20260212","20260213","20260224","20260225","20260226","20260227","20260302","20260303","20260304","20260305","20260306","20260309","20260310","20260311","20260312","20260313","20260316","20260317","20260318","20260320","20260323","20260324"],"nav":[1.0,null,1.00237,1.001066,1.006872,1.018602,1.026659,1.026659,1.031754,1.018128,1.024052,1.014455,0.993839,1.020379,1.010427,1.02109,1.04218,1.044787,1.055095,1.058531,1.061137,1.05782,1.062678,1.053199,1.07346,1.080213,1.089929,1.079028,1.092299,1.092417,1.084005,1.087915,1.103199,1.113033,1.120972,1.108886,1.132227,1.141825,1.143483,1.141114,1.154028,1.164692,1.147038,1.147038,1.105095,1.128673,1.119194,1.098341,1.096919,1.122275,1.125118,1.123578,1.13282,1.119668,1.138389,1.151896,1.159834,1.158175,1.171209,1.140166,1.123104,1.141469,1.143128,1.126896,1.156398,1.163389,1.154858,1.14609,1.141351,1.114336,1.130924,1.103318,1.067062,1.087441],"si":1194}