{"code":"025587.OF","dates":["20251128","20251201","20251202","20251203","20251204","20251205","20251208","20251209","20251210","20251211","20251212","20251215","20251216","20251217","20251218","20251219","20251222","20251223","20251224","20251225","20251226","20251229","20251230","20251231","20260105","20260106","20260107","20260108","20260109","20260112","20260113","20260114","20260115","20260116","20260119","20260120","20260121","20260122","20260123","20260126","20260127","20260128","20260129","20260130","20260202","20260203","20260204","20260205","20260206","20260209","20260210","20260211","20260212","20260213","20260224","20260225","20260226","20260227","20260302","20260303","20260304","20260305","20260306","20260309","20260310","20260311","20260312","20260313","20260316","20260317","20260318","20260320","20260323","20260324"],"nav":[1.0,1.006574,1.008988,1.001342,1.002549,1.002549,0.99517,0.985243,0.985645,0.980145,0.993158,0.978803,0.96029,0.976657,0.975718,0.984438,0.997049,0.996109,0.995036,0.994231,0.993158,0.979474,0.982157,0.973169,1.001476,1.017038,1.01516,1.004964,1.010598,1.021867,1.030453,1.031124,1.025624,1.027904,1.02388,1.022672,1.037027,1.028039,1.032734,1.040515,1.051784,1.068956,1.072176,1.04776,1.017709,1.03099,1.0326,1.026563,1.018782,1.036088,1.034746,1.035149,1.036356,1.012745,1.016099,1.020123,1.003086,1.009391,null,0.977328,0.958009,0.955863,0.970754,0.961363,0.961363,0.97773,0.975449,0.953314,0.961631,0.954253,0.959485,0.926885,0.896297,0.896297],"si":1194}