{"code":"025584.OF","dates":["20251128","20251201","20251202","20251203","20251204","20251205","20251208","20251209","20251210","20251211","20251212","20251215","20251216","20251217","20251218","20251219","20251222","20251223","20251224","20251225","20251226","20251229","20251230","20251231","20260105","20260106","20260107","20260108","20260109","20260112","20260113","20260114","20260115","20260116","20260119","20260120","20260121","20260122","20260123","20260126","20260127","20260128","20260129","20260130","20260202","20260203","20260204","20260205","20260206","20260209","20260210","20260211","20260212","20260213","20260224","20260225","20260226","20260227","20260302","20260303","20260304","20260305","20260306","20260309","20260310","20260311","20260312","20260313","20260316","20260317","20260318","20260320","20260323","20260324"],"nav":[1.0,null,1.003398,1.002659,1.001773,1.007239,1.001773,0.996159,0.998079,0.993943,1.003989,0.999705,0.988181,0.998079,0.995568,0.996011,1.000886,1.006352,1.007534,1.007682,1.005466,0.99025,0.989659,0.984488,1.00325,1.008716,1.000295,0.998966,1.007091,1.012262,1.008421,1.011819,1.01433,1.011819,1.017876,1.022899,1.033831,1.03191,1.034126,1.036194,1.029251,1.04107,1.046388,1.021864,0.994238,1.006205,1.015512,1.013296,1.010341,1.014182,1.015512,1.022012,1.019944,1.007534,1.021864,1.023785,1.014773,1.018171,1.023046,1.003841,0.98892,0.990397,0.999409,0.992613,1.007091,1.015364,1.008864,1.007387,0.991284,0.986556,0.984636,0.946225,0.904417,0.93485],"si":1194}