{"code":"025535.OF","dates":["20251128","20251201","20251202","20251203","20251204","20251205","20251208","20251209","20251210","20251211","20251212","20251215","20251216","20251217","20251218","20251219","20251222","20251223","20251224","20251225","20251226","20251229","20251230","20251231","20260105","20260106","20260107","20260108","20260109","20260112","20260113","20260114","20260115","20260116","20260119","20260120","20260121","20260122","20260123","20260126","20260127","20260128","20260129","20260130","20260202","20260203","20260204","20260205","20260206","20260209","20260210","20260211","20260212","20260213","20260224","20260225","20260226","20260227","20260302","20260303","20260304","20260305","20260306","20260309","20260310","20260311","20260312","20260313","20260316","20260317","20260318","20260320","20260323","20260324"],"nav":[1.0,null,1.004323,1.000665,1.003879,1.009791,1.013523,1.009421,1.010419,1.003695,1.011417,1.004692,0.994975,1.009274,1.004766,1.009274,1.017217,1.017032,1.021429,1.024015,1.023239,1.019434,1.023424,1.020764,1.037279,1.046664,1.047403,1.043671,1.04877,1.055235,1.051393,1.053166,1.055753,1.054977,1.058265,1.058191,1.06026,1.060223,1.063511,1.060851,1.060371,1.065322,1.066209,1.056639,1.03388,1.046553,1.052427,1.046811,1.042932,1.055494,1.056972,1.05712,1.058376,1.044558,1.047144,1.052612,1.051208,1.052464,1.054423,1.034397,1.024385,1.030185,1.036208,1.026417,1.040235,1.046331,1.043228,1.035986,1.031479,1.023166,1.027784,1.00048,0.967819,0.979901],"si":1194}