{"code":"025769.OF","dates":["20251103","20251104","20251105","20251106","20251107","20251110","20251111","20251112","20251113","20251114","20251117","20251118","20251119","20251120","20251121","20251124","20251125","20251126","20251127","20251128","20251201","20251202","20251203","20251204","20251205","20251208","20251209","20251210","20251211","20251212","20251215","20251216","20251217","20251218","20251219","20251222","20251223","20251224","20251225","20251226","20251229","20251230","20251231","20260105","20260106","20260107","20260108","20260109","20260112","20260113","20260114","20260115","20260116","20260119","20260120","20260121","20260122","20260123","20260126","20260127","20260128","20260129","20260130","20260202","20260203","20260204","20260205","20260206","20260209","20260210","20260211","20260212","20260213","20260224","20260225","20260226","20260227","20260302","20260303","20260304","20260305","20260306","20260309","20260310","20260311","20260312","20260313","20260316","20260317","20260318","20260320","20260323","20260324"],"nav":[1.0,0.989903,0.994621,1.022759,1.005959,0.993296,0.97873,0.966482,0.975089,0.955971,0.952826,0.943309,0.942564,0.92866,0.881569,0.879583,0.903087,0.927998,0.923115,0.93015,0.935115,0.922453,0.911115,0.916908,0.915832,0.935115,0.943309,0.941157,0.923363,0.930067,0.905487,0.890838,0.917405,0.90557,0.903749,0.92055,0.922701,0.940578,0.95862,0.963833,0.962178,0.951916,0.957461,0.983531,0.986758,1.004055,1.003807,1.027146,1.055781,1.036084,1.056443,1.066954,1.092113,1.087809,1.06596,1.099479,1.104693,1.106596,1.083009,1.100472,1.099644,1.075395,1.07945,1.032277,1.066209,1.047091,1.024414,1.032856,1.064636,1.063395,1.055698,1.070098,1.052719,1.055615,1.063395,1.079533,1.080609,1.069519,1.013407,1.004221,1.011918,1.009931,0.988413,1.015476,1.015476,0.987089,0.970868,0.974261,0.948274,0.975089,0.950012,0.912522,0.932633],"si":1175}