{"code":"025987.OF","dates":["20251230","20251231","20260105","20260106","20260107","20260108","20260109","20260112","20260113","20260114","20260115","20260116","20260119","20260120","20260121","20260122","20260123","20260126","20260127","20260128","20260129","20260130","20260202","20260203","20260204","20260205","20260206","20260209","20260210","20260211","20260212","20260213","20260224","20260225","20260226","20260227","20260302","20260303","20260304","20260305","20260306","20260309","20260310","20260311","20260312","20260313","20260316","20260317","20260318","20260320","20260323","20260324"],"nav":[1.0,1.0,1.000403,1.003221,1.002952,1.00255,1.004563,1.006039,1.004026,1.002013,1.000537,1.0,1.003489,1.006441,1.004563,1.005099,1.006307,1.004428,1.002952,1.004026,1.005233,1.003757,0.996779,1.000268,1.006441,1.004563,1.004563,1.006844,1.007649,1.008454,1.007917,1.004294,1.006039,1.00671,1.006173,1.007783,1.00993,0.996243,0.995169,0.997182,0.993559,0.984434,0.994632,0.98913,0.979334,0.966452,0.953033,0.937466,0.940419,0.898685,0.870102,0.889157],"si":1216}