{"code":"026235.OF","dates":["20251230","20251231","20260105","20260106","20260107","20260108","20260109","20260112","20260113","20260114","20260115","20260116","20260119","20260120","20260121","20260122","20260123","20260126","20260127","20260128","20260129","20260130","20260202","20260203","20260204","20260205","20260206","20260209","20260210","20260211","20260212","20260213","20260224","20260225","20260226","20260227","20260302","20260303","20260304","20260305","20260306","20260309","20260310","20260311","20260312","20260313","20260316","20260317","20260318","20260320","20260323","20260324"],"nav":[1.0,1.002466,1.031237,1.058446,1.05672,1.040362,1.054336,1.053596,1.071763,1.091328,1.094533,1.093383,1.104727,1.102014,1.12462,1.118044,1.130703,1.143527,1.148952,1.182902,1.189231,1.157254,1.097328,1.128483,1.126839,1.094616,1.089108,1.115906,1.118372,1.126346,1.137937,1.104233,1.128483,1.142047,1.141225,1.152815,1.181011,1.147801,1.1321,1.141965,1.138677,1.138183,1.151829,1.151829,1.165886,1.155528,1.128483,1.110152,1.101521,1.05261,1.026141,1.04628],"si":1216}