{"code":"026323.OF","dates":["20251225","20251226","20251229","20251230","20251231","20260105","20260106","20260107","20260108","20260109","20260112","20260113","20260114","20260115","20260116","20260119","20260120","20260121","20260122","20260123","20260126","20260127","20260128","20260129","20260130","20260202","20260203","20260204","20260205","20260206","20260209","20260210","20260211","20260212","20260213","20260224","20260225","20260226","20260227","20260302","20260303","20260304","20260305","20260306","20260309","20260310","20260311","20260312","20260313","20260316","20260317","20260318","20260320","20260323","20260324"],"nav":[1.0,1.001291,1.000184,1.001936,1.001198,1.009218,1.017238,1.017883,1.014196,1.019174,1.025535,1.028945,1.036044,1.024428,1.016593,1.037426,1.042957,1.043418,1.038717,1.038625,1.02618,1.026088,1.015948,1.022308,1.015763,1.001106,1.014012,1.026272,1.04351,1.034569,1.040192,1.03715,1.033186,1.021571,1.010048,0.999078,1.001567,0.993363,0.998433,0.974281,0.964694,0.954277,0.941464,0.955937,0.940173,0.956858,0.950313,0.951696,0.943492,0.947732,0.949484,0.949484,0.916667,0.87795,0.898875],"si":1213}