{"code":"026332.OF","dates":["20251226","20251229","20251230","20251231","20260105","20260106","20260107","20260108","20260109","20260112","20260113","20260114","20260115","20260116","20260119","20260120","20260121","20260122","20260123","20260126","20260127","20260128","20260129","20260130","20260202","20260203","20260204","20260205","20260206","20260209","20260210","20260211","20260212","20260213","20260224","20260225","20260226","20260227","20260302","20260303","20260304","20260305","20260306","20260309","20260310","20260311","20260312","20260313","20260316","20260317","20260318","20260320","20260323","20260324"],"nav":[1.0,0.991972,0.983424,0.973728,1.016472,1.02231,1.035446,1.043995,1.060259,1.094871,1.054733,1.073916,1.061301,1.058173,1.060154,1.040763,1.056088,1.065054,1.082569,1.075063,1.088407,1.102064,1.076939,1.096226,1.074333,1.120204,1.116243,1.097998,1.095913,1.14314,1.141889,1.145746,1.17942,1.177961,1.13553,1.153878,1.162948,1.177544,1.168682,1.110926,1.11593,1.150959,1.143036,1.124896,1.124896,1.145225,1.135738,1.121038,1.105609,1.06568,1.081109,1.05098,1.001668,1.022519],"si":1214}