{"code":"026382.OF","dates":["20260112","20260113","20260114","20260115","20260116","20260119","20260120","20260121","20260122","20260123","20260126","20260127","20260128","20260129","20260130","20260202","20260203","20260204","20260205","20260206","20260209","20260210","20260211","20260212","20260213","20260224","20260225","20260226","20260227","20260302","20260303","20260304","20260305","20260306","20260309","20260310","20260311","20260312","20260313","20260316","20260317","20260318","20260320","20260323","20260324"],"nav":[1.0,1.0,1.0,1.0,1.0,1.0001,1.0001,1.0001,1.0001,1.0001,1.0002,1.0002,1.0002,1.0002,1.0002,1.0003,1.0003,1.0003,1.0003,1.0006,1.0006,1.0007,1.0007,1.0007,1.0005,0.9988,0.9989,0.9998,0.9981,0.994001,0.971203,0.967303,0.976502,0.973003,0.962704,0.962704,0.977102,0.958904,0.951705,0.961104,0.946405,0.960804,0.939306,0.916008,0.930307],"si":1223}