{"code":"026327.OF","dates":["20251225","20251226","20251229","20251230","20251231","20260105","20260106","20260107","20260108","20260109","20260112","20260113","20260114","20260115","20260116","20260119","20260120","20260121","20260122","20260123","20260126","20260127","20260128","20260129","20260130","20260202","20260203","20260204","20260205","20260206","20260209","20260210","20260211","20260212","20260213","20260224","20260225","20260226","20260227","20260302","20260303","20260304","20260305","20260306","20260309","20260310","20260311","20260312","20260313","20260316","20260317","20260318","20260320","20260323","20260324"],"nav":[1.0,1.001576,0.998493,1.004796,1.005002,1.02686,1.044881,1.039605,1.02782,1.032753,1.039537,1.037207,1.039331,1.042552,1.0431,1.038783,1.035151,1.053104,1.054886,1.052761,1.05886,1.075373,1.094696,1.090928,1.07229,1.019529,1.040496,1.039057,1.023708,1.020556,1.040016,1.041318,1.045087,1.053447,1.038166,1.062217,1.067836,1.062354,1.060984,1.073934,1.052282,1.045772,1.047622,1.0505,1.041524,1.057763,1.051939,1.043511,1.035837,1.034672,1.02179,1.033781,0.997396,0.97266,0.989105],"si":1213}